rangetime(ms),tag_ID,x(m),y(m),z(m),range0(m),range1(m),range2(m),range3(m),range4(m),range5(m),range6(m),range7(m),rx_pwr(dBm),accel_x,accel_y,accel_z,gyro_x,gyro_y,gyro_z,mag_x,mag_y,mag_z,roll,pitch,yaw,
9208,Tag 1,,,,0.72,null,null,null,null,null,null,null,null,
9319,Tag 1,,,,0.72,null,null,null,null,null,null,null,null,
9432,Tag 1,,,,0.73,null,null,null,null,null,null,null,null,
9543,Tag 1,,,,0.70,null,null,null,null,null,null,null,null,
9656,Tag 1,,,,0.70,null,null,null,null,null,null,null,null,
9767,Tag 1,,,,0.71,null,null,null,null,null,null,null,null,
9880,Tag 1,,,,0.72,null,null,null,null,null,null,null,null,
9991,Tag 1,,,,0.72,null,null,null,null,null,null,null,null,
10104,Tag 1,,,,0.73,null,null,null,null,null,null,null,null,
10215,Tag 1,,,,0.74,null,null,null,null,null,null,null,null,
10328,Tag 1,,,,0.73,null,null,null,null,null,null,null,null,
10439,Tag 1,,,,0.74,null,null,null,null,null,null,null,null,
10552,Tag 1,,,,0.73,null,null,null,null,null,null,null,null,
10663,Tag 1,,,,0.72,null,null,null,null,null,null,null,null,
10776,Tag 1,,,,0.73,null,null,null,null,null,null,null,null,
10887,Tag 1,,,,0.72,null,null,null,null,null,null,null,null,
11000,Tag 1,,,,0.71,null,null,null,null,null,null,null,null,
11112,Tag 1,,,,0.71,null,null,null,null,null,null,null,null,
11223,Tag 1,,,,0.71,null,null,null,null,null,null,null,null,
11336,Tag 1,,,,0.71,null,null,null,null,null,null,null,null,
11447,Tag 1,,,,0.72,null,null,null,null,null,null,null,null,
11560,Tag 1,,,,0.73,null,null,null,null,null,null,null,null,
11671,Tag 1,,,,0.72,null,null,null,null,null,null,null,null,
11784,Tag 1,,,,0.70,null,null,null,null,null,null,null,null,
11895,Tag 1,,,,0.68,null,null,null,null,null,null,null,null,
12008,Tag 1,,,,0.69,null,null,null,null,null,null,null,null,
12119,Tag 1,,,,0.70,null,null,null,null,null,null,null,null,
12232,Tag 1,,,,0.71,null,null,null,null,null,null,null,null,
12343,Tag 1,,,,0.71,null,null,null,null,null,null,null,null,
12456,Tag 1,,,,0.72,null,null,null,null,null,null,null,null,
12567,Tag 1,,,,0.72,null,null,null,null,null,null,null,null,
12680,Tag 1,,,,0.71,null,null,null,null,null,null,null,null,
12791,Tag 1,,,,0.70,null,null,null,null,null,null,null,null,
12904,Tag 1,,,,0.71,null,null,null,null,null,null,null,null,
13015,Tag 1,,,,0.70,null,null,null,null,null,null,null,null,
13128,Tag 1,,,,0.72,null,null,null,null,null,null,null,null,
13239,Tag 1,,,,0.71,null,null,null,null,null,null,null,null,
13352,Tag 1,,,,0.72,null,null,null,null,null,null,null,null,
13463,Tag 1,,,,0.71,null,null,null,null,null,null,null,null,
13576,Tag 1,,,,0.70,null,null,null,null,null,null,null,null,
13687,Tag 1,,,,0.71,null,null,null,null,null,null,null,null,
13800,Tag 1,,,,0.72,null,null,null,null,null,null,null,null,
13911,Tag 1,,,,0.70,null,null,null,null,null,null,null,null,
14024,Tag 1,,,,0.69,null,null,null,null,null,null,null,null,
14135,Tag 1,,,,0.69,null,null,null,null,null,null,null,null,
14248,Tag 1,,,,0.71,null,null,null,null,null,null,null,null,
14359,Tag 1,,,,0.70,null,null,null,null,null,null,null,null,
14472,Tag 1,,,,0.70,null,null,null,null,null,null,null,null,
14583,Tag 1,,,,0.71,null,null,null,null,null,null,null,null,
14696,Tag 1,,,,0.71,null,null,null,null,null,null,null,null,
14807,Tag 1,,,,0.71,null,null,null,null,null,null,null,null,
14920,Tag 1,,,,0.71,null,null,null,null,null,null,null,null,
15031,Tag 1,,,,0.71,null,null,null,null,null,null,null,null,
15144,Tag 1,,,,0.71,null,null,null,null,null,null,null,null,
15255,Tag 1,,,,0.72,null,null,null,null,null,null,null,null,
15368,Tag 1,,,,0.74,null,null,null,null,null,null,null,null,
15479,Tag 1,,,,0.74,null,null,null,null,null,null,null,null,
15592,Tag 1,,,,0.75,null,null,null,null,null,null,null,null,
15704,Tag 1,,,,0.73,null,null,null,null,null,null,null,null,
15815,Tag 1,,,,0.72,null,null,null,null,null,null,null,null,
15928,Tag 1,,,,0.72,null,null,null,null,null,null,null,null,
16040,Tag 1,,,,0.70,null,null,null,null,null,null,null,null,
16152,Tag 1,,,,0.69,null,null,null,null,null,null,null,null,
16263,Tag 1,,,,0.70,null,null,null,null,null,null,null,null,
16375,Tag 1,,,,0.72,null,null,null,null,null,null,null,null,
16488,Tag 1,,,,0.71,null,null,null,null,null,null,null,null,
16600,Tag 1,,,,0.72,null,null,null,null,null,null,null,null,
16711,Tag 1,,,,0.71,null,null,null,null,null,null,null,null,
16823,Tag 1,,,,0.69,null,null,null,null,null,null,null,null,
16936,Tag 1,,,,0.70,null,null,null,null,null,null,null,null,
17048,Tag 1,,,,0.70,null,null,null,null,null,null,null,null,
17159,Tag 1,,,,0.69,null,null,null,null,null,null,null,null,
17271,Tag 1,,,,0.70,null,null,null,null,null,null,null,null,
17384,Tag 1,,,,0.69,null,null,null,null,null,null,null,null,
17496,Tag 1,,,,0.69,null,null,null,null,null,null,null,null,
17607,Tag 1,,,,0.68,null,null,null,null,null,null,null,null,
17719,Tag 1,,,,0.68,null,null,null,null,null,null,null,null,
17832,Tag 1,,,,0.68,null,null,null,null,null,null,null,null,
17944,Tag 1,,,,0.69,null,null,null,null,null,null,null,null,
18055,Tag 1,,,,0.71,null,null,null,null,null,null,null,null,
18167,Tag 1,,,,0.71,null,null,null,null,null,null,null,null,
